trialCt,rt1,accuracy,rt2,pos_x,pos_y,rt3,pos_x,pos_y,score
0,0.299279,1,0.961203,-0.302500,0.482222,0.000000,0.000000,0.000000,53
1,0.373033,1,0.941193,-0.298750,0.506667,0.000000,0.000000,0.000000,55
2,0.306999,1,0.961181,0.293750,0.484444,0.000000,0.000000,0.000000,55
3,0.173032,0,1.301600,0.293750,0.540000,0.420576,-0.311250,0.493333,1
4,0.401082,1,1.182137,-0.280000,0.520000,0.000000,0.000000,0.000000,1
5,0.375061,1,0.901172,-0.308750,0.486667,0.000000,0.000000,0.000000,54
6,0.433049,1,0.841038,-0.328750,0.506667,0.000000,0.000000,0.000000,52
7,0.345014,1,1.121430,-0.301250,0.486667,0.000000,0.000000,0.000000,53
8,0.345065,0,0.881081,-0.302500,0.531111,0.440565,0.298750,0.524444,57
9,0.359053,1,0.800953,0.301250,0.495556,0.000000,0.000000,0.000000,56
10,0.294994,1,0.720931,-0.292500,0.515556,0.000000,0.000000,0.000000,57
11,0.393070,1,1.061305,-0.290000,0.520000,0.000000,0.000000,0.000000,35
12,0.375046,0,0.781008,0.301250,0.493333,0.240371,-0.286250,0.524444,56
13,0.341010,1,1.141427,0.290000,0.520000,0.000000,0.000000,0.000000,53
14,0.399133,1,0.941420,-0.321250,0.480000,0.000000,0.000000,0.000000,51
15,0.265002,1,0.981200,0.276250,0.517778,0.000000,0.000000,0.000000,57
16,0.307015,1,0.901149,0.286250,0.537778,0.000000,0.000000,0.000000,58
17,0.311045,0,0.921421,0.283750,0.517778,0.260386,-0.335000,0.480000,57
18,0.454973,1,0.780981,-0.338750,0.508889,0.000000,0.000000,0.000000,52
19,0.391030,1,0.821034,-0.295000,0.495556,0.000000,0.000000,0.000000,56
20,0.319207,-1,0.821112,0.265000,0.446667,0.000000,0.000000,0.000000,58
21,0.360967,1,0.821048,-0.286250,0.544444,0.000000,0.000000,0.000000,58
22,0.131028,1,0.760958,0.298750,0.473333,0.000000,0.000000,0.000000,56
23,0.217006,1,0.780953,0.293750,0.540000,0.000000,0.000000,0.000000,58
24,0.412971,-1,0.901165,-0.292500,0.640000,0.000000,0.000000,0.000000,59
25,0.386959,1,0.781913,0.290000,0.500000,0.000000,0.000000,0.000000,58
26,0.367008,-1,1.021411,0.296250,0.582222,0.000000,0.000000,0.000000,55
27,0.362932,1,0.781029,0.317500,0.480000,0.000000,0.000000,0.000000,53
28,0.322983,1,0.801005,0.317500,0.486667,0.000000,0.000000,0.000000,42
29,0.234927,1,1.221698,-0.337500,0.502222,0.000000,0.000000,0.000000,1
30,0.412965,1,0.841048,0.297500,0.544444,0.000000,0.000000,0.000000,57
31,0.377008,0,0.841067,-0.302500,0.513333,0.200310,0.288750,0.531111,55
32,0.394958,1,0.941198,0.306250,0.455556,0.000000,0.000000,0.000000,53
33,0.322995,1,1.001211,0.297500,0.522222,0.000000,0.000000,0.000000,52
34,0.332997,1,0.841030,0.336250,0.515556,0.000000,0.000000,0.000000,50
35,0.377004,1,0.800990,-0.276250,0.484444,0.000000,0.000000,0.000000,57
36,0.362986,0,0.841072,-0.317500,0.542222,0.100173,0.316250,0.533333,56
37,0.379130,1,0.801015,0.281250,0.495556,0.000000,0.000000,0.000000,56
38,0.362744,1,0.981268,0.305000,0.464444,0.000000,0.000000,0.000000,51
39,0.209086,1,1.061345,-0.295000,0.533333,0.000000,0.000000,0.000000,22
40,0.344972,1,1.401739,0.278750,0.524444,0.000000,0.000000,0.000000,51
41,0.420872,1,0.901094,0.266250,0.524444,0.000000,0.000000,0.000000,59
42,0.382972,1,1.401735,0.290000,0.484444,0.000000,0.000000,0.000000,49
43,0.332947,1,0.921224,0.300000,0.475556,0.000000,0.000000,0.000000,54
44,0.536933,1,0.841042,-0.307500,0.471111,0.000000,0.000000,0.000000,54
45,0.492753,1,0.961146,-0.277500,0.491111,0.000000,0.000000,0.000000,57
46,0.444969,1,0.841008,0.308750,0.544444,0.000000,0.000000,0.000000,53
47,0.378920,1,0.861752,-0.317500,0.480000,0.000000,0.000000,0.000000,54
48,0.340977,-1,0.740929,-0.313750,0.557778,0.000000,0.000000,0.000000,57
49,0.354958,1,1.081318,0.290000,0.500000,0.000000,0.000000,0.000000,54
50,0.414948,1,0.901115,-0.293750,0.451111,0.000000,0.000000,0.000000,54
51,0.354904,1,0.821046,-0.318750,0.517778,0.000000,0.000000,0.000000,55
52,0.394932,1,1.261582,-0.280000,0.513333,0.000000,0.000000,0.000000,54
53,0.422950,1,0.941139,0.302500,0.486667,0.000000,0.000000,0.000000,53
54,0.389094,1,0.961430,-0.280000,0.500000,0.000000,0.000000,0.000000,58
55,0.538901,1,1.161388,-0.296250,0.460000,0.000000,0.000000,0.000000,52
56,0.368847,1,1.501836,0.335000,0.520000,0.000000,0.000000,0.000000,46
57,0.419021,1,1.021315,0.321250,0.528889,0.000000,0.000000,0.000000,52
58,0.408887,1,1.141427,-0.287500,0.504444,0.000000,0.000000,0.000000,55
59,0.374876,0,1.141416,-0.273750,0.486667,0.260382,0.313750,0.486667,54
60,0.362918,1,0.981197,-0.288750,0.524444,0.000000,0.000000,0.000000,56
61,0.304881,1,0.841010,-0.275000,0.506667,0.000000,0.000000,0.000000,59
62,0.346897,1,0.861045,0.313750,0.477778,0.000000,0.000000,0.000000,52
63,0.208880,1,0.981222,-0.282500,0.520000,0.000000,0.000000,0.000000,57
64,0.306869,1,0.841045,-0.290000,0.491111,0.000000,0.000000,0.000000,55
65,0.428882,1,0.861430,0.297500,0.460000,0.000000,0.000000,0.000000,55
66,0.272865,1,1.141367,-0.288750,0.497778,0.000000,0.000000,0.000000,55
67,0.336823,1,1.061385,-0.325000,0.497778,0.000000,0.000000,0.000000,51
68,0.160848,1,0.820978,0.296250,0.517778,0.000000,0.000000,0.000000,58
69,0.214886,0,1.181569,-0.306250,0.511111,0.340443,0.291250,0.540000,32
70,0.312838,1,0.941238,0.297500,0.508889,0.000000,0.000000,0.000000,55
71,0.380882,1,0.821084,-0.278750,0.520000,0.000000,0.000000,0.000000,58
72,0.264870,1,0.841132,-0.295000,0.480000,0.000000,0.000000,0.000000,57
73,0.150842,1,1.201552,0.286250,0.480000,0.000000,0.000000,0.000000,51
74,0.224889,1,0.981151,-0.290000,0.504444,0.000000,0.000000,0.000000,55
75,0.200872,1,0.881065,0.308750,0.486667,0.000000,0.000000,0.000000,53
76,0.288947,1,1.001194,-0.277500,0.457778,0.000000,0.000000,0.000000,57
77,0.314835,1,1.642029,-0.310000,0.491111,0.000000,0.000000,0.000000,1
78,0.232875,1,1.221494,0.256250,0.491111,0.000000,0.000000,0.000000,57
79,0.442847,1,1.622094,0.286250,0.508889,0.000000,0.000000,0.000000,50
80,0.398834,1,0.820996,0.323750,0.471111,0.000000,0.000000,0.000000,51
81,0.394739,1,0.861102,0.308750,0.486667,0.000000,0.000000,0.000000,53
82,0.350871,1,0.901121,-0.285000,0.477778,0.000000,0.000000,0.000000,56
83,0.506823,1,1.001225,-0.296250,0.506667,0.000000,0.000000,0.000000,55
84,0.354854,1,0.881171,0.290000,0.548889,0.000000,0.000000,0.000000,57
85,0.364825,1,0.981258,0.307500,0.506667,0.000000,0.000000,0.000000,53
86,0.392823,1,1.081324,-0.257500,0.508889,0.000000,0.000000,0.000000,57
87,0.232810,1,0.841088,-0.298750,0.513333,0.000000,0.000000,0.000000,57
88,0.332826,1,1.161410,-0.287500,0.455556,0.000000,0.000000,0.000000,52
89,0.420820,1,1.161389,0.288750,0.488889,0.000000,0.000000,0.000000,54
90,0.498972,1,0.961482,0.317500,0.493333,0.000000,0.000000,0.000000,53
91,0.378956,1,0.841080,-0.313750,0.497778,0.000000,0.000000,0.000000,54
92,0.386814,1,1.061261,0.313750,0.473333,0.000000,0.000000,0.000000,53
93,0.358914,1,1.181668,-0.296250,0.484444,0.000000,0.000000,0.000000,52
94,0.310811,1,0.981200,-0.303750,0.477778,0.000000,0.000000,0.000000,52
95,0.370796,1,0.901081,-0.298750,0.517778,0.000000,0.000000,0.000000,56
96,0.354796,-1,0.780946,0.281250,0.564444,0.000000,0.000000,0.000000,58
97,0.426768,1,0.901126,-0.268750,0.466667,0.000000,0.000000,0.000000,58
98,0.384825,1,0.720940,-0.278750,0.535556,0.000000,0.000000,0.000000,60
99,0.328942,1,0.881056,0.288750,0.537778,0.000000,0.000000,0.000000,58
100,0.284796,1,1.101355,-0.306250,0.484444,0.000000,0.000000,0.000000,1
101,0.494799,1,1.021239,-0.321250,0.504444,0.000000,0.000000,0.000000,1
102,0.322791,1,0.881154,0.262500,0.482222,0.000000,0.000000,0.000000,58
103,0.390772,1,0.881432,-0.321250,0.500000,0.000000,0.000000,0.000000,50
104,0.328767,0,0.861101,-0.285000,0.500000,0.300439,0.283750,0.506667,56
105,0.340778,1,1.021196,-0.290000,0.522222,0.000000,0.000000,0.000000,56
106,0.242752,1,0.881123,0.282500,0.486667,0.000000,0.000000,0.000000,57
107,0.389423,1,0.881128,0.305000,0.520000,0.000000,0.000000,0.000000,54
108,0.378877,1,1.241519,0.298750,0.511111,0.000000,0.000000,0.000000,53
109,0.374766,1,0.921146,0.332500,0.497778,0.000000,0.000000,0.000000,51
110,0.312772,1,0.781031,-0.267500,0.524444,0.000000,0.000000,0.000000,60
111,0.390758,1,0.921162,0.308750,0.513333,0.000000,0.000000,0.000000,54
112,0.368763,1,0.881349,0.322500,0.511111,0.000000,0.000000,0.000000,52
113,0.230752,1,1.241653,0.308750,0.482222,0.000000,0.000000,0.000000,50
114,0.356757,1,1.241585,0.310000,0.471111,0.000000,0.000000,0.000000,50
115,0.360751,1,0.800993,-0.302500,0.475556,0.000000,0.000000,0.000000,54
116,0.358857,-1,1.321920,-0.386250,0.500000,0.000000,0.000000,0.000000,1
117,0.284740,1,1.561940,-0.291250,0.482222,0.000000,0.000000,0.000000,48
118,0.354761,1,1.061292,-0.302500,0.486667,0.000000,0.000000,0.000000,52
119,0.282720,1,1.021212,0.303750,0.524444,0.000000,0.000000,0.000000,53
120,0.284741,1,1.001216,0.288750,0.522222,0.000000,0.000000,0.000000,56
121,0.194706,1,0.981210,0.297500,0.500000,0.000000,0.000000,0.000000,56
122,0.260731,1,0.941136,-0.308750,0.513333,0.000000,0.000000,0.000000,54
123,0.104732,0,0.861076,0.292500,0.453333,0.300432,-0.313750,0.497778,52
124,0.400680,1,1.061271,-0.268750,0.484444,0.000000,0.000000,0.000000,56
125,0.424710,1,1.321647,-0.286250,0.520000,0.000000,0.000000,0.000000,52
126,0.234744,1,1.041383,0.278750,0.484444,0.000000,0.000000,0.000000,55
127,0.408737,1,0.961198,-0.302500,0.502222,0.000000,0.000000,0.000000,55
128,0.344702,1,1.421801,-0.293750,0.520000,0.000000,0.000000,0.000000,50
129,0.358829,1,1.222352,-0.296250,0.466667,0.000000,0.000000,0.000000,50
130,0.336732,1,1.581961,0.328750,0.508889,0.000000,0.000000,0.000000,1
131,0.346682,1,1.121365,0.312500,0.528889,0.000000,0.000000,0.000000,51
132,0.360703,1,0.881329,0.283750,0.491111,0.000000,0.000000,0.000000,56
133,0.290713,1,1.361608,0.288750,0.484444,0.000000,0.000000,0.000000,50
134,0.378712,-1,0.921435,0.241250,0.468889,0.000000,0.000000,0.000000,61
135,0.292727,-1,0.881108,0.338750,0.466667,0.000000,0.000000,0.000000,50
136,0.454686,1,1.041268,0.295000,0.508889,0.000000,0.000000,0.000000,54
137,0.472678,1,0.961174,0.288750,0.462222,0.000000,0.000000,0.000000,54
138,0.166695,1,1.281680,0.313750,0.508889,0.000000,0.000000,0.000000,51
139,0.456718,1,1.201540,-0.318750,0.517778,0.000000,0.000000,0.000000,50
140,0.432679,1,1.341607,-0.291250,0.497778,0.000000,0.000000,0.000000,50
141,0.488675,1,0.881111,-0.296250,0.502222,0.000000,0.000000,0.000000,55
142,0.404676,1,0.921171,0.270000,0.493333,0.000000,0.000000,0.000000,57
143,0.376681,1,0.861033,-0.301250,0.546667,0.000000,0.000000,0.000000,56
144,0.382681,1,0.921125,-0.275000,0.482222,0.000000,0.000000,0.000000,56
145,0.909211,1,0.901406,0.297500,0.506667,0.000000,0.000000,0.000000,54
146,0.322677,1,0.861057,0.297500,0.482222,0.000000,0.000000,0.000000,56
147,0.348675,1,0.961210,-0.291250,0.493333,0.000000,0.000000,0.000000,54
148,0.418763,1,0.961466,-0.321250,0.513333,0.000000,0.000000,0.000000,52
149,0.320675,1,1.361671,0.288750,0.466667,0.000000,0.000000,0.000000,49
150,0.226670,-1,0.901081,0.312500,0.451111,0.000000,0.000000,0.000000,51
151,0.398810,1,1.161486,-0.287500,0.482222,0.000000,0.000000,0.000000,54
152,0.310675,1,1.001341,-0.287500,0.502222,0.000000,0.000000,0.000000,55
153,0.390656,1,1.141373,-0.311250,0.513333,0.000000,0.000000,0.000000,27
154,0.378805,1,1.021344,0.307500,0.526667,0.000000,0.000000,0.000000,54
155,0.326650,0,1.021320,-0.281250,0.515556,0.200312,0.318750,0.513333,54
156,0.372623,1,1.101339,0.291250,0.475556,0.000000,0.000000,0.000000,53
157,0.412675,1,1.001212,-0.265000,0.511111,0.000000,0.000000,0.000000,58
158,0.242641,1,0.941174,-0.288750,0.502222,0.000000,0.000000,0.000000,56
159,0.360619,1,1.461775,-0.275000,0.471111,0.000000,0.000000,0.000000,51
160,0.300677,1,1.742510,0.330000,0.511111,0.000000,0.000000,0.000000,43
161,0.362641,1,1.401754,0.318750,0.468889,0.000000,0.000000,0.000000,47
162,0.310647,1,1.001225,0.310000,0.493333,0.000000,0.000000,0.000000,52
163,0.370639,1,1.561884,0.315000,0.531111,0.000000,0.000000,0.000000,47
164,0.386630,1,1.141431,0.301250,0.495556,0.000000,0.000000,0.000000,52
165,0.350622,-1,1.581941,-0.336250,0.564444,0.000000,0.000000,0.000000,46
166,0.302600,-1,1.141363,-0.352500,0.500000,0.000000,0.000000,0.000000,46
167,0.372601,1,1.221607,-0.313750,0.502222,0.000000,0.000000,0.000000,49
168,0.242610,1,1.481869,0.287500,0.488889,0.000000,0.000000,0.000000,51
169,0.396589,1,1.001295,0.283750,0.480000,0.000000,0.000000,0.000000,57
170,0.214618,1,1.161471,-0.311250,0.491111,0.000000,0.000000,0.000000,48
171,0.366628,1,1.121372,0.265000,0.482222,0.000000,0.000000,0.000000,58
172,0.210621,1,0.941154,-0.277500,0.495556,0.000000,0.000000,0.000000,56
173,0.386597,1,1.261531,-0.336250,0.515556,0.000000,0.000000,0.000000,49
174,0.392600,1,1.161423,0.305000,0.482222,0.000000,0.000000,0.000000,52
175,0.282602,1,1.261541,-0.258750,0.484444,0.000000,0.000000,0.000000,56
176,0.302461,1,1.141487,-0.282500,0.475556,0.000000,0.000000,0.000000,1
177,0.316594,1,0.981228,-0.280000,0.500000,0.000000,0.000000,0.000000,56
178,0.254597,1,0.921184,-0.290000,0.500000,0.000000,0.000000,0.000000,57
179,0.082594,1,0.901271,-0.307500,0.515556,0.000000,0.000000,0.000000,54
180,0.168586,1,1.441818,0.278750,0.502222,0.000000,0.000000,0.000000,53
181,0.294584,1,0.881079,-0.297500,0.504444,0.000000,0.000000,0.000000,56
182,0.000224,1,1.121279,0.261250,0.500000,0.000000,0.000000,0.000000,55
183,0.264603,-1,1.461728,-0.297500,0.562222,0.000000,0.000000,0.000000,50
184,0.384561,1,1.221491,-0.283750,0.491111,0.000000,0.000000,0.000000,55
185,0.400567,1,1.561897,0.306250,0.502222,0.000000,0.000000,0.000000,1
186,0.356566,1,1.461792,-0.292500,0.475556,0.000000,0.000000,0.000000,50
187,0.268703,1,1.061359,-0.288750,0.526667,0.000000,0.000000,0.000000,57
188,0.288728,1,1.401724,-0.271250,0.495556,0.000000,0.000000,0.000000,56
189,0.352570,1,1.461886,0.283750,0.506667,0.000000,0.000000,0.000000,1
190,0.418556,1,1.321940,-0.288750,0.531111,0.000000,0.000000,0.000000,55
191,0.226551,1,0.961276,-0.287500,0.497778,0.000000,0.000000,0.000000,54
192,0.350560,1,1.021324,0.307500,0.486667,0.000000,0.000000,0.000000,53
193,0.236568,1,0.901114,-0.285000,0.522222,0.000000,0.000000,0.000000,59
194,0.190552,1,0.982026,-0.286250,0.468889,0.000000,0.000000,0.000000,54
195,0.196530,1,0.981310,0.302500,0.515556,0.000000,0.000000,0.000000,53
196,0.370572,1,0.941419,0.298750,0.488889,0.000000,0.000000,0.000000,53
197,0.054560,1,0.981246,-0.272500,0.500000,0.000000,0.000000,0.000000,58
198,0.226557,1,0.921230,-0.290000,0.488889,0.000000,0.000000,0.000000,56
199,0.230512,1,1.221515,-0.286250,0.466667,0.000000,0.000000,0.000000,1
200,0.234506,1,1.161384,-0.293750,0.508889,0.000000,0.000000,0.000000,56
201,0.426533,1,1.161410,-0.312500,0.537778,0.000000,0.000000,0.000000,53
202,0.354460,1,0.841046,-0.300000,0.522222,0.000000,0.000000,0.000000,55
203,0.140530,1,1.022002,0.290000,0.464444,0.000000,0.000000,0.000000,54
204,0.332534,1,0.901135,-0.285000,0.517778,0.000000,0.000000,0.000000,58
205,0.146512,1,1.081307,0.288750,0.493333,0.000000,0.000000,0.000000,55
206,0.236544,1,0.921196,-0.288750,0.486667,0.000000,0.000000,0.000000,54
207,0.294464,1,0.861093,0.287500,0.526667,0.000000,0.000000,0.000000,57
208,0.124526,1,1.001319,0.311250,0.508889,0.000000,0.000000,0.000000,52
209,0.400529,1,1.161513,0.303750,0.511111,0.000000,0.000000,0.000000,10
210,0.194446,1,1.381705,0.300000,0.522222,0.000000,0.000000,0.000000,51
211,0.444523,1,0.781034,-0.280000,0.488889,0.000000,0.000000,0.000000,61
212,0.080515,1,1.121370,0.307500,0.482222,0.000000,0.000000,0.000000,49
213,0.264525,-1,1.121532,-0.298750,0.442222,0.000000,0.000000,0.000000,52
214,0.106484,1,0.781271,-0.312500,0.522222,0.000000,0.000000,0.000000,54
215,0.000225,1,0.921087,0.295000,0.540000,0.000000,0.000000,0.000000,55
216,0.332476,-1,1.021254,-0.311250,0.557778,0.000000,0.000000,0.000000,56
217,0.366493,1,1.501777,0.316250,0.504444,0.000000,0.000000,0.000000,1
218,0.432500,1,1.041286,0.293750,0.502222,0.000000,0.000000,0.000000,2
219,0.276485,1,1.441663,-0.306250,0.482222,0.000000,0.000000,0.000000,48
220,0.326478,1,1.101462,-0.315000,0.524444,0.000000,0.000000,0.000000,52
221,0.366465,1,0.941237,0.305000,0.466667,0.000000,0.000000,0.000000,53
222,0.422471,1,1.341612,-0.271250,0.508889,0.000000,0.000000,0.000000,53
223,0.422472,1,0.881153,-0.272500,0.480000,0.000000,0.000000,0.000000,58
224,0.344453,1,1.501772,0.263750,0.524444,0.000000,0.000000,0.000000,54
225,0.480462,1,0.861049,-0.296250,0.517778,0.000000,0.000000,0.000000,56
226,0.438985,1,1.061295,-0.311250,0.508889,0.000000,0.000000,0.000000,52
227,0.436471,1,0.921172,-0.298750,0.484444,0.000000,0.000000,0.000000,53
228,0.190495,1,1.041387,0.272500,0.517778,0.000000,0.000000,0.000000,57
229,0.200427,1,1.261539,-0.265000,0.493333,0.000000,0.000000,0.000000,1
230,0.258451,1,0.981253,0.300000,0.504444,0.000000,0.000000,0.000000,54
231,0.184454,1,1.321661,-0.277500,0.484444,0.000000,0.000000,0.000000,53
232,0.170507,1,1.321643,-0.301250,0.497778,0.000000,0.000000,0.000000,50
233,0.606424,1,1.381861,0.285000,0.493333,0.000000,0.000000,0.000000,1
234,0.534422,1,1.281592,0.303750,0.504444,0.000000,0.000000,0.000000,50
235,0.398576,1,1.061348,-0.263750,0.517778,0.000000,0.000000,0.000000,59
236,0.440433,1,1.021544,0.310000,0.502222,0.000000,0.000000,0.000000,51
237,0.418533,1,1.021285,0.296250,0.482222,0.000000,0.000000,0.000000,54
238,0.298413,-1,1.501896,0.293750,0.442222,0.000000,0.000000,0.000000,48
239,0.322278,1,1.361683,-0.301250,0.497778,0.000000,0.000000,0.000000,48
240,0.378602,1,2.503761,0.278750,0.466667,0.000000,0.000000,0.000000,39
241,0.348561,1,1.582021,0.278750,0.468889,0.000000,0.000000,0.000000,51
242,0.232404,-1,1.221573,0.323750,0.546667,0.000000,0.000000,0.000000,1
243,0.422407,1,1.201523,-0.295000,0.500000,0.000000,0.000000,0.000000,52
244,0.296442,1,1.602121,-0.325000,0.477778,0.000000,0.000000,0.000000,1
245,0.338434,1,0.941484,-0.298750,0.548889,0.000000,0.000000,0.000000,56
246,0.288515,1,1.161343,0.292500,0.488889,0.000000,0.000000,0.000000,51
247,0.324328,1,1.081331,0.311250,0.524444,0.000000,0.000000,0.000000,50
248,0.220393,1,1.301666,0.297500,0.517778,0.000000,0.000000,0.000000,53
249,0.110435,-1,1.061272,-0.303750,0.557778,0.000000,0.000000,0.000000,54
250,0.080361,1,1.081388,0.281250,0.495556,0.000000,0.000000,0.000000,56
251,0.452405,1,1.261520,0.331250,0.522222,0.000000,0.000000,0.000000,49
252,0.322401,1,1.902430,-0.275000,0.486667,0.000000,0.000000,0.000000,1
253,0.236392,1,1.001233,-0.298750,0.506667,0.000000,0.000000,0.000000,55
254,0.258392,1,1.162268,0.317500,0.497778,0.000000,0.000000,0.000000,50
255,0.182462,1,1.081338,-0.287500,0.477778,0.000000,0.000000,0.000000,55
256,0.304408,1,1.481832,0.265000,0.513333,0.000000,0.000000,0.000000,30
257,0.000254,1,1.141377,-0.325000,0.486667,0.000000,0.000000,0.000000,51
258,0.282388,1,1.001306,-0.292500,0.528889,0.000000,0.000000,0.000000,56
259,0.302457,-1,1.361707,0.287500,0.557778,0.000000,0.000000,0.000000,52
260,1.662297,1,1.061438,-0.288750,0.506667,0.000000,0.000000,0.000000,54
261,0.636341,1,1.261564,0.316250,0.497778,0.000000,0.000000,0.000000,48
262,0.068567,1,0.901413,0.315000,0.517778,0.000000,0.000000,0.000000,52
263,0.518401,1,0.901140,-0.276250,0.535556,0.000000,0.000000,0.000000,61
264,0.320396,1,0.961242,-0.282500,0.522222,0.000000,0.000000,0.000000,57
265,0.416406,1,0.961182,0.288750,0.511111,0.000000,0.000000,0.000000,55
266,0.432408,0,1.181442,0.275000,0.500000,0.400653,-0.278750,0.542222,55
267,0.284350,1,1.021260,-0.280000,0.477778,0.000000,0.000000,0.000000,56
268,0.392390,1,1.381662,0.276250,0.480000,0.000000,0.000000,0.000000,53
269,0.234403,1,1.201525,-0.301250,0.515556,0.000000,0.000000,0.000000,54
270,0.167762,1,1.101423,0.277500,0.500000,0.000000,0.000000,0.000000,57
271,0.428502,1,1.802268,0.287500,0.471111,0.000000,0.000000,0.000000,47
272,0.470382,1,1.241503,-0.288750,0.466667,0.000000,0.000000,0.000000,53
273,0.290411,1,2.723301,-0.303750,0.506667,0.000000,0.000000,0.000000,36
274,0.278384,-1,1.322357,-0.292500,0.551111,0.000000,0.000000,0.000000,52
275,0.344386,1,1.241562,-0.306250,0.508889,0.000000,0.000000,0.000000,11
276,0.188507,1,1.141369,0.273750,0.482222,0.000000,0.000000,0.000000,1
277,0.342390,1,1.361657,-0.312500,0.497778,0.000000,0.000000,0.000000,49
278,0.184372,1,1.261653,-0.306250,0.491111,0.000000,0.000000,0.000000,7
279,0.362391,1,1.141542,0.282500,0.502222,0.000000,0.000000,0.000000,54
280,0.322382,1,1.081367,0.301250,0.542222,0.000000,0.000000,0.000000,54
281,0.118365,1,2.042406,-0.298750,0.502222,0.000000,0.000000,0.000000,45
282,0.504394,1,1.301591,0.288750,0.506667,0.000000,0.000000,0.000000,53
283,0.316376,1,1.181481,0.300000,0.511111,0.000000,0.000000,0.000000,53
284,0.396373,1,1.161375,0.292500,0.502222,0.000000,0.000000,0.000000,53
285,0.374358,1,0.941257,-0.292500,0.506667,0.000000,0.000000,0.000000,57
286,0.260372,1,0.961256,-0.302500,0.460000,0.000000,0.000000,0.000000,53
287,0.264368,1,1.301664,-0.293750,0.475556,0.000000,0.000000,0.000000,50
288,0.350345,1,1.041330,0.293750,0.468889,0.000000,0.000000,0.000000,53
289,0.372225,1,1.281588,0.303750,0.511111,0.000000,0.000000,0.000000,51
290,0.346253,1,1.161545,0.310000,0.495556,0.000000,0.000000,0.000000,51
291,0.402382,1,1.001362,-0.268750,0.491111,0.000000,0.000000,0.000000,59
292,0.338367,1,1.021280,-0.288750,0.546667,0.000000,0.000000,0.000000,58
293,0.326344,1,0.981282,0.267500,0.506667,0.000000,0.000000,0.000000,57
294,0.424197,1,0.881037,0.323750,0.500000,0.000000,0.000000,0.000000,49
295,0.000223,1,1.141591,0.290000,0.497778,0.000000,0.000000,0.000000,51
296,0.292354,1,1.221540,0.318750,0.480000,0.000000,0.000000,0.000000,49
297,0.232333,1,1.101362,0.313750,0.531111,0.000000,0.000000,0.000000,52
298,0.166301,1,1.001288,0.290000,0.484444,0.000000,0.000000,0.000000,54
299,0.146300,1,0.921136,-0.283750,0.504444,0.000000,0.000000,0.000000,58
300,0.102313,-1,1.622063,-0.263750,0.464444,0.000000,0.000000,0.000000,50
301,0.154300,1,2.182626,-0.302500,0.513333,0.000000,0.000000,0.000000,45
302,0.000222,1,1.161520,-0.305000,0.475556,0.000000,0.000000,0.000000,50
303,0.252328,1,1.241606,0.281250,0.515556,0.000000,0.000000,0.000000,54
304,0.404303,1,1.401782,-0.321250,0.524444,0.000000,0.000000,0.000000,48
305,0.508398,1,1.101340,0.307500,0.500000,0.000000,0.000000,0.000000,51
306,0.364297,1,0.800993,-0.270000,0.506667,0.000000,0.000000,0.000000,60
307,0.328452,1,1.141426,-0.298750,0.504444,0.000000,0.000000,0.000000,54
308,0.284307,1,1.401684,0.272500,0.484444,0.000000,0.000000,0.000000,52
309,0.466195,1,1.161496,0.288750,0.482222,0.000000,0.000000,0.000000,53
310,0.000237,1,1.061310,0.300000,0.520000,0.000000,0.000000,0.000000,52
311,0.248276,1,1.481848,-0.277500,0.484444,0.000000,0.000000,0.000000,52
312,0.638395,0,1.221566,-0.298750,0.475556,0.120201,0.300000,0.515556,55
313,0.398881,1,1.001323,-0.282500,0.533333,0.000000,0.000000,0.000000,56
314,0.520258,1,0.841104,0.326250,0.508889,0.000000,0.000000,0.000000,51
315,0.368448,1,1.001293,-0.293750,0.502222,0.000000,0.000000,0.000000,54
316,0.398444,0,0.020076,0.008750,-0.771111,0.380532,-0.318750,0.486667,99
317,0.442237,1,1.041375,-0.293750,0.488889,0.000000,0.000000,0.000000,52
318,0.310240,1,1.102112,-0.297500,0.513333,0.000000,0.000000,0.000000,54
319,0.322258,1,1.181565,0.296250,0.457778,0.000000,0.000000,0.000000,50
320,0.434269,1,0.901139,0.300000,0.513333,0.000000,0.000000,0.000000,53
321,0.414210,1,0.921193,0.293750,0.464444,0.000000,0.000000,0.000000,54
322,0.344244,1,0.921103,-0.291250,0.451111,0.000000,0.000000,0.000000,54
323,0.286201,1,1.001284,0.282500,0.477778,0.000000,0.000000,0.000000,57
324,0.276190,1,0.861072,0.318750,0.497778,0.000000,0.000000,0.000000,53
325,0.102217,1,1.301541,0.342500,0.515556,0.000000,0.000000,0.000000,47
326,0.308396,1,1.201662,-0.291250,0.497778,0.000000,0.000000,0.000000,53
327,0.404260,1,1.181542,-0.280000,0.475556,0.000000,0.000000,0.000000,53
328,0.134181,1,1.341742,-0.273750,0.528889,0.000000,0.000000,0.000000,54
329,0.340222,1,1.261609,-0.296250,0.468889,0.000000,0.000000,0.000000,51
330,0.916172,1,1.301593,-0.270000,0.528889,0.000000,0.000000,0.000000,56
331,0.170227,1,1.441791,-0.277500,0.471111,0.000000,0.000000,0.000000,1
332,0.234205,1,1.001303,0.280000,0.495556,0.000000,0.000000,0.000000,54
333,0.376185,0,1.101343,-0.301250,0.500000,0.320430,0.288750,0.524444,53
334,0.752187,1,1.361670,-0.310000,0.475556,0.000000,0.000000,0.000000,49
335,0.400268,1,1.081388,-0.300000,0.495556,0.000000,0.000000,0.000000,53
336,0.068659,1,0.921154,-0.293750,0.493333,0.000000,0.000000,0.000000,54
337,0.250190,1,0.961196,-0.295000,0.511111,0.000000,0.000000,0.000000,55
338,0.422179,1,0.901183,-0.267500,0.504444,0.000000,0.000000,0.000000,60
339,0.338213,1,0.981572,-0.296250,0.502222,0.000000,0.000000,0.000000,53
340,0.218860,-1,1.641993,0.252500,0.480000,0.000000,0.000000,0.000000,51
341,0.416150,1,1.622038,0.323750,0.504444,0.000000,0.000000,0.000000,45
342,0.410236,1,1.261639,0.257500,0.500000,0.000000,0.000000,0.000000,56
343,0.318355,1,1.261638,-0.300000,0.491111,0.000000,0.000000,0.000000,52
344,0.076175,-1,1.361694,-0.311250,0.557778,0.000000,0.000000,0.000000,49
345,0.384168,1,1.501938,0.290000,0.491111,0.000000,0.000000,0.000000,51
346,0.168837,1,1.041335,0.320000,0.491111,0.000000,0.000000,0.000000,52
347,0.110167,1,1.702022,-0.325000,0.508889,0.000000,0.000000,0.000000,47
348,0.236168,1,1.521871,0.283750,0.513333,0.000000,0.000000,0.000000,3
349,0.276144,1,0.981262,-0.317500,0.477778,0.000000,0.000000,0.000000,54
350,0.220237,1,1.081389,-0.312500,0.517778,0.000000,0.000000,0.000000,53
351,0.386160,1,1.601917,-0.287500,0.486667,0.000000,0.000000,0.000000,48
352,0.120184,1,1.261642,0.290000,0.502222,0.000000,0.000000,0.000000,51
353,0.504145,1,1.121474,-0.315000,0.500000,0.000000,0.000000,0.000000,50
354,0.386113,1,1.101413,0.300000,0.511111,0.000000,0.000000,0.000000,52
355,0.248287,1,1.381700,0.317500,0.504444,0.000000,0.000000,0.000000,49
356,0.262140,-1,1.381723,0.296250,0.560000,0.000000,0.000000,0.000000,51
357,0.380145,1,1.121491,0.303750,0.524444,0.000000,0.000000,0.000000,52
358,0.404166,1,1.361658,0.308750,0.502222,0.000000,0.000000,0.000000,48
359,0.304115,1,1.321615,-0.302500,0.475556,0.000000,0.000000,0.000000,50
360,0.182176,1,1.361750,-0.278750,0.462222,0.000000,0.000000,0.000000,52
361,1.472031,1,0.961267,0.282500,0.480000,0.000000,0.000000,0.000000,55
362,0.404107,1,0.881088,-0.310000,0.475556,0.000000,0.000000,0.000000,53
363,0.388141,1,1.501993,0.288750,0.488889,0.000000,0.000000,0.000000,47
364,0.438294,1,1.041321,-0.308750,0.500000,0.000000,0.000000,0.000000,54
365,0.388114,1,1.481913,-0.316250,0.520000,0.000000,0.000000,0.000000,37
366,0.000231,1,1.081382,-0.296250,0.531111,0.000000,0.000000,0.000000,53
367,0.384088,1,1.221542,-0.301250,0.486667,0.000000,0.000000,0.000000,52
368,0.448107,1,1.361709,0.293750,0.502222,0.000000,0.000000,0.000000,50
369,0.132094,1,1.261596,0.283750,0.457778,0.000000,0.000000,0.000000,35
370,0.328240,1,2.062521,0.312500,0.513333,0.000000,0.000000,0.000000,1
371,0.394144,1,1.161355,0.277500,0.477778,0.000000,0.000000,0.000000,53
372,0.332090,1,1.121463,-0.286250,0.488889,0.000000,0.000000,0.000000,55
373,0.396139,1,1.001304,0.297500,0.526667,0.000000,0.000000,0.000000,53
374,0.512006,1,0.961249,-0.281250,0.528889,0.000000,0.000000,0.000000,56
375,0.374074,1,1.361724,0.312500,0.517778,0.000000,0.000000,0.000000,48
376,0.390226,1,0.861121,0.311250,0.524444,0.000000,0.000000,0.000000,53
377,0.320124,1,1.201724,-0.283750,0.508889,0.000000,0.000000,0.000000,54
378,0.404086,1,1.141454,0.283750,0.524444,0.000000,0.000000,0.000000,56
379,0.338219,1,1.061488,-0.275000,0.491111,0.000000,0.000000,0.000000,56
380,0.374101,1,1.862363,-0.285000,0.460000,0.000000,0.000000,0.000000,45
381,0.434067,1,1.401762,-0.311250,0.491111,0.000000,0.000000,0.000000,18
382,0.406066,1,0.921159,0.272500,0.473333,0.000000,0.000000,0.000000,58
383,0.398190,1,1.101429,-0.303750,0.484444,0.000000,0.000000,0.000000,52
384,0.308211,1,1.181451,-0.275000,0.520000,0.000000,0.000000,0.000000,55
385,0.375985,1,1.441754,-0.307500,0.544444,0.000000,0.000000,0.000000,50
386,0.386056,1,1.261548,0.276250,0.506667,0.000000,0.000000,0.000000,55
387,0.388175,1,1.221516,0.261250,0.502222,0.000000,0.000000,0.000000,57
388,0.518033,1,1.141517,0.276250,0.520000,0.000000,0.000000,0.000000,56
389,0.380209,-1,1.742080,-0.255000,0.477778,0.000000,0.000000,0.000000,1
390,0.256017,1,1.381775,-0.300000,0.468889,0.000000,0.000000,0.000000,48
391,0.810046,1,1.421870,0.315000,0.477778,0.000000,0.000000,0.000000,45
392,0.390070,1,1.121365,-0.307500,0.488889,0.000000,0.000000,0.000000,51
393,0.486031,1,1.561938,-0.297500,0.517778,0.000000,0.000000,0.000000,49
394,0.366007,1,1.001354,-0.293750,0.506667,0.000000,0.000000,0.000000,55
395,0.334027,1,0.961173,-0.283750,0.493333,0.000000,0.000000,0.000000,54
396,0.453989,1,1.601996,0.306250,0.502222,0.000000,0.000000,0.000000,1
397,0.432016,1,1.001273,-0.291250,0.497778,0.000000,0.000000,0.000000,56
398,0.394003,1,0.760954,0.282500,0.517778,0.000000,0.000000,0.000000,58
399,0.378172,1,0.941155,0.300000,0.504444,0.000000,0.000000,0.000000,54
400,0.322013,1,1.001227,-0.298750,0.513333,0.000000,0.000000,0.000000,55
401,0.340053,1,0.901138,0.288750,0.477778,0.000000,0.000000,0.000000,56
402,0.266015,1,1.001264,0.308750,0.497778,0.000000,0.000000,0.000000,52
403,0.290062,1,1.101427,0.316250,0.497778,0.000000,0.000000,0.000000,49
404,0.368026,1,1.101332,-0.293750,0.473333,0.000000,0.000000,0.000000,52
405,0.609991,1,1.162279,-0.310000,0.488889,0.000000,0.000000,0.000000,51
406,0.571999,-1,1.081620,0.260000,0.462222,0.000000,0.000000,0.000000,56
407,0.335982,1,1.181678,-0.311250,0.517778,0.000000,0.000000,0.000000,52
408,0.352120,1,0.861385,0.298750,0.488889,0.000000,0.000000,0.000000,55
409,0.355954,1,1.181701,0.295000,0.477778,0.000000,0.000000,0.000000,51
410,0.381980,1,1.061519,-0.310000,0.506667,0.000000,0.000000,0.000000,51
411,0.206006,1,1.722969,0.290000,0.511111,0.000000,0.000000,0.000000,50
412,0.410309,1,1.041353,0.307500,0.488889,0.000000,0.000000,0.000000,53
413,0.600020,1,0.981304,-0.296250,0.497778,0.000000,0.000000,0.000000,55
414,0.347985,1,1.101395,0.281250,0.524444,0.000000,0.000000,0.000000,55
415,0.370030,1,0.941429,0.317500,0.526667,0.000000,0.000000,0.000000,53
416,0.327952,1,0.801561,0.272500,0.520000,0.000000,0.000000,0.000000,60
417,0.392169,1,0.800971,0.286250,0.488889,0.000000,0.000000,0.000000,57
418,0.297922,1,1.241518,0.312500,0.484444,0.000000,0.000000,0.000000,1
419,0.372067,1,0.941382,-0.300000,0.491111,0.000000,0.000000,0.000000,56
420,0.363928,1,1.121617,0.317500,0.491111,0.000000,0.000000,0.000000,51
421,0.409975,1,0.821316,0.276250,0.497778,0.000000,0.000000,0.000000,58
422,0.367945,1,1.021551,-0.313750,0.491111,0.000000,0.000000,0.000000,52
423,0.713945,1,0.781224,0.317500,0.497778,0.000000,0.000000,0.000000,51
424,0.402072,1,0.881434,-0.298750,0.511111,0.000000,0.000000,0.000000,57
425,0.239572,1,0.961259,-0.297500,0.497778,0.000000,0.000000,0.000000,55
426,0.350001,1,0.901137,-0.291250,0.500000,0.000000,0.000000,0.000000,55
427,0.387972,1,0.901245,-0.297500,0.506667,0.000000,0.000000,0.000000,56
428,0.403924,1,0.841607,-0.283750,0.502222,0.000000,0.000000,0.000000,56
429,0.322080,1,0.981635,0.317500,0.477778,0.000000,0.000000,0.000000,51
430,0.567910,1,0.901155,-0.292500,0.484444,0.000000,0.000000,0.000000,55
431,0.322037,1,1.021513,0.320000,0.491111,0.000000,0.000000,0.000000,51
432,0.327936,1,1.221493,0.308750,0.495556,0.000000,0.000000,0.000000,50
433,0.365932,1,0.861658,0.306250,0.495556,0.000000,0.000000,0.000000,54
434,0.383930,1,0.761311,-0.330000,0.535556,0.000000,0.000000,0.000000,55
435,0.313933,1,0.901466,-0.301250,0.497778,0.000000,0.000000,0.000000,55
436,0.407918,1,0.901162,-0.278750,0.493333,0.000000,0.000000,0.000000,55
437,0.333845,1,0.981561,0.298750,0.495556,0.000000,0.000000,0.000000,55
438,0.027932,1,0.981191,0.276250,0.493333,0.000000,0.000000,0.000000,56
439,0.445807,1,1.081560,-0.311250,0.511111,0.000000,0.000000,0.000000,52
440,0.423922,1,1.181989,-0.301250,0.488889,0.000000,0.000000,0.000000,53
441,0.359881,1,1.441899,-0.300000,0.457778,0.000000,0.000000,0.000000,47
442,0.519990,1,0.921398,-0.302500,0.484444,0.000000,0.000000,0.000000,55
443,0.419944,1,1.201625,0.300000,0.457778,0.000000,0.000000,0.000000,50
444,0.377732,1,1.121735,-0.303750,0.517778,0.000000,0.000000,0.000000,52
445,0.441988,1,1.041912,0.303750,0.500000,0.000000,0.000000,0.000000,53
446,0.327811,1,1.041426,0.296250,0.493333,0.000000,0.000000,0.000000,54
447,0.409924,1,0.921114,0.323750,0.502222,0.000000,0.000000,0.000000,52
448,0.372080,1,1.221562,0.303750,0.513333,0.000000,0.000000,0.000000,52
449,0.343900,1,1.041439,0.310000,0.495556,0.000000,0.000000,0.000000,49
450,0.563876,1,1.322395,0.292500,0.500000,0.000000,0.000000,0.000000,49
451,0.361898,1,1.542370,0.295000,0.513333,0.000000,0.000000,0.000000,47
452,0.325792,1,1.121717,0.311250,0.506667,0.000000,0.000000,0.000000,50
453,0.327859,1,1.001303,-0.321250,0.495556,0.000000,0.000000,0.000000,52
454,0.213893,1,1.181778,0.297500,0.460000,0.000000,0.000000,0.000000,49
455,0.231998,1,1.101760,0.280000,0.491111,0.000000,0.000000,0.000000,48
456,0.367877,1,1.001285,0.302500,0.506667,0.000000,0.000000,0.000000,54
457,0.411878,1,1.081686,0.323750,0.491111,0.000000,0.000000,0.000000,50
458,0.417838,1,1.282391,0.313750,0.513333,0.000000,0.000000,0.000000,48
459,0.337869,1,0.921209,-0.280000,0.506667,0.000000,0.000000,0.000000,57
460,0.335902,1,0.841250,-0.295000,0.520000,0.000000,0.000000,0.000000,56
461,0.367850,1,1.121404,0.301250,0.493333,0.000000,0.000000,0.000000,53
462,0.381841,1,1.081663,-0.275000,0.484444,0.000000,0.000000,0.000000,55
463,0.341860,1,1.001281,-0.293750,0.477778,0.000000,0.000000,0.000000,54
464,0.465800,-1,1.522154,-0.333750,0.542222,0.000000,0.000000,0.000000,46
465,0.301831,1,1.042181,0.272500,0.495556,0.000000,0.000000,0.000000,56
466,0.335868,1,1.101643,-0.312500,0.520000,0.000000,0.000000,0.000000,52
467,0.267846,1,0.781026,0.295000,0.522222,0.000000,0.000000,0.000000,59
468,0.125859,1,1.261667,0.292500,0.462222,0.000000,0.000000,0.000000,51
469,0.315844,1,1.201922,0.281250,0.473333,0.000000,0.000000,0.000000,52
470,0.265858,1,0.961457,0.298750,0.484444,0.000000,0.000000,0.000000,51
471,0.239863,1,1.001367,0.295000,0.482222,0.000000,0.000000,0.000000,50
472,0.585839,1,1.281825,-0.280000,0.488889,0.000000,0.000000,0.000000,53
473,0.405803,1,1.121665,-0.286250,0.504444,0.000000,0.000000,0.000000,53
474,0.233740,1,1.001440,0.286250,0.524444,0.000000,0.000000,0.000000,55
475,0.127817,1,1.401772,-0.280000,0.515556,0.000000,0.000000,0.000000,41
476,0.159784,1,1.682323,0.286250,0.511111,0.000000,0.000000,0.000000,48
477,0.409823,1,1.162009,0.332500,0.495556,0.000000,0.000000,0.000000,49
478,1.549775,1,1.001422,-0.311250,0.493333,0.000000,0.000000,0.000000,52
479,0.783810,1,0.821260,-0.287500,0.500000,0.000000,0.000000,0.000000,57
480,0.575810,1,0.941486,-0.297500,0.528889,0.000000,0.000000,0.000000,57
481,0.575677,1,0.921381,0.301250,0.524444,0.000000,0.000000,0.000000,57
482,0.661808,1,0.821359,-0.278750,0.493333,0.000000,0.000000,0.000000,57
483,0.483729,1,0.721118,0.313750,0.506667,0.000000,0.000000,0.000000,52
484,0.509729,1,1.001299,-0.285000,0.497778,0.000000,0.000000,0.000000,55
485,0.203808,1,0.981834,0.305000,0.515556,0.000000,0.000000,0.000000,54
486,0.412423,1,0.901419,-0.302500,0.500000,0.000000,0.000000,0.000000,55
487,0.523800,1,0.942187,0.316250,0.528889,0.000000,0.000000,0.000000,55
488,0.417732,1,0.861096,0.298750,0.513333,0.000000,0.000000,0.000000,55
489,0.963635,1,0.881770,-0.310000,0.500000,0.000000,0.000000,0.000000,56
490,0.263793,1,0.820986,-0.306250,0.506667,0.000000,0.000000,0.000000,55
491,0.385699,1,1.041540,0.308750,0.486667,0.000000,0.000000,0.000000,53
492,0.439787,1,1.061590,-0.302500,0.471111,0.000000,0.000000,0.000000,51
493,0.229776,1,1.161581,-0.312500,0.486667,0.000000,0.000000,0.000000,49
494,0.189769,1,0.961208,0.297500,0.506667,0.000000,0.000000,0.000000,56
495,0.299722,1,1.021302,-0.296250,0.502222,0.000000,0.000000,0.000000,54
496,0.315662,1,1.081422,-0.298750,0.477778,0.000000,0.000000,0.000000,51
497,0.377768,1,1.001255,-0.285000,0.493333,0.000000,0.000000,0.000000,54
498,0.471757,1,0.981431,-0.305000,0.506667,0.000000,0.000000,0.000000,54
499,0.389722,1,0.881152,-0.311250,0.497778,0.000000,0.000000,0.000000,53
500,0.467456,1,1.001252,0.275000,0.493333,0.000000,0.000000,0.000000,55
501,0.819793,1,0.921424,-0.316250,0.488889,0.000000,0.000000,0.000000,53
502,0.367777,1,0.921346,-0.273750,0.493333,0.000000,0.000000,0.000000,56
503,0.413772,1,0.861499,-0.306250,0.500000,0.000000,0.000000,0.000000,55
504,0.243616,1,0.841405,0.328750,0.486667,0.000000,0.000000,0.000000,52
505,0.327751,1,1.121404,-0.301250,0.522222,0.000000,0.000000,0.000000,53
506,0.269726,1,1.481931,-0.281250,0.517778,0.000000,0.000000,0.000000,52
507,0.391748,1,0.861156,-0.308750,0.535556,0.000000,0.000000,0.000000,57
508,0.335599,1,2.723688,0.277500,0.475556,0.000000,0.000000,0.000000,41
509,0.641699,1,0.941226,-0.286250,0.493333,0.000000,0.000000,0.000000,56
510,0.331740,1,0.881125,-0.308750,0.502222,0.000000,0.000000,0.000000,55
511,0.179735,1,1.441828,-0.306250,0.515556,0.000000,0.000000,0.000000,49
512,0.315709,1,1.101649,0.298750,0.515556,0.000000,0.000000,0.000000,49
513,1.467731,1,0.921432,-0.306250,0.504444,0.000000,0.000000,0.000000,54
514,0.867645,1,0.901337,-0.287500,0.511111,0.000000,0.000000,0.000000,57
515,0.751712,1,0.921259,0.303750,0.513333,0.000000,0.000000,0.000000,53
516,0.479704,1,1.141367,0.290000,0.473333,0.000000,0.000000,0.000000,54
517,0.505723,1,0.941687,0.291250,0.486667,0.000000,0.000000,0.000000,54
518,0.715716,1,1.081938,0.322500,0.493333,0.000000,0.000000,0.000000,51
519,0.401850,1,1.121435,0.296250,0.508889,0.000000,0.000000,0.000000,53
520,0.343724,1,0.941203,0.315000,0.477778,0.000000,0.000000,0.000000,50
521,0.447247,1,0.901730,-0.300000,0.513333,0.000000,0.000000,0.000000,57
522,0.533716,1,1.001448,0.291250,0.517778,0.000000,0.000000,0.000000,54
523,0.409705,1,1.281714,-0.307500,0.511111,0.000000,0.000000,0.000000,52
524,0.333559,1,1.001601,0.286250,0.508889,0.000000,0.000000,0.000000,57
525,0.377683,1,1.221544,0.320000,0.515556,0.000000,0.000000,0.000000,48
526,0.403661,1,0.961456,-0.286250,0.515556,0.000000,0.000000,0.000000,56
527,0.385701,1,0.961450,0.282500,0.493333,0.000000,0.000000,0.000000,54
528,0.289692,1,0.862007,0.310000,0.495556,0.000000,0.000000,0.000000,53
529,0.267702,1,0.961226,0.286250,0.488889,0.000000,0.000000,0.000000,55
530,0.361817,1,0.881763,-0.277500,0.513333,0.000000,0.000000,0.000000,60
531,0.295607,1,1.041500,-0.291250,0.495556,0.000000,0.000000,0.000000,53
532,0.263534,1,1.902583,-0.297500,0.484444,0.000000,0.000000,0.000000,1
533,0.361674,1,1.321709,0.326250,0.468889,0.000000,0.000000,0.000000,45
534,2.257640,1,0.881172,0.291250,0.522222,0.000000,0.000000,0.000000,54
535,0.559620,1,0.881492,-0.275000,0.491111,0.000000,0.000000,0.000000,58
536,0.471675,1,0.881180,0.293750,0.477778,0.000000,0.000000,0.000000,52
537,0.333494,1,0.981725,-0.312500,0.504444,0.000000,0.000000,0.000000,51
538,0.257689,1,0.841178,0.295000,0.506667,0.000000,0.000000,0.000000,56
539,0.281683,1,1.181791,-0.302500,0.515556,0.000000,0.000000,0.000000,53
540,0.439665,1,0.981312,0.292500,0.495556,0.000000,0.000000,0.000000,55
541,0.247652,1,0.861319,0.287500,0.504444,0.000000,0.000000,0.000000,56
542,0.329211,1,1.021353,0.307500,0.517778,0.000000,0.000000,0.000000,52
543,0.335648,1,1.061383,-0.283750,0.502222,0.000000,0.000000,0.000000,54
544,0.345658,1,0.961722,-0.290000,0.504444,0.000000,0.000000,0.000000,56
545,0.302143,1,1.141760,-0.288750,0.517778,0.000000,0.000000,0.000000,56
546,0.211615,1,0.941532,-0.297500,0.511111,0.000000,0.000000,0.000000,54
547,0.353691,1,1.742802,0.311250,0.533333,0.000000,0.000000,0.000000,45
548,0.251644,1,1.181698,0.323750,0.486667,0.000000,0.000000,0.000000,48
549,0.719611,1,1.101541,0.293750,0.491111,0.000000,0.000000,0.000000,53
550,0.463495,1,0.881311,0.323750,0.531111,0.000000,0.000000,0.000000,55
551,1.023576,1,1.081541,0.280000,0.508889,0.000000,0.000000,0.000000,55
552,0.433602,-1,1.542090,-0.250000,0.497778,0.000000,0.000000,0.000000,1
553,0.397597,1,1.101456,0.287500,0.495556,0.000000,0.000000,0.000000,53
554,0.403615,1,0.981820,-0.323750,0.515556,0.000000,0.000000,0.000000,52
555,0.179592,1,0.841097,0.287500,0.491111,0.000000,0.000000,0.000000,57
556,0.275628,1,1.161521,0.282500,0.471111,0.000000,0.000000,0.000000,51
557,0.499604,1,1.922459,0.310000,0.517778,0.000000,0.000000,0.000000,42
558,0.207606,1,1.121589,0.323750,0.520000,0.000000,0.000000,0.000000,51
559,0.831578,1,1.041282,0.317500,0.493333,0.000000,0.000000,0.000000,51
560,1.417574,1,1.221679,-0.311250,0.484444,0.000000,0.000000,0.000000,51
561,0.295471,1,1.242093,-0.307500,0.513333,0.000000,0.000000,0.000000,51
562,0.189412,1,1.482008,0.302500,0.528889,0.000000,0.000000,0.000000,49
563,2.943509,1,0.861696,0.292500,0.513333,0.000000,0.000000,0.000000,57
564,1.225599,1,0.901249,-0.291250,0.524444,0.000000,0.000000,0.000000,57
565,0.985571,1,0.981407,-0.297500,0.506667,0.000000,0.000000,0.000000,55
566,0.389606,1,1.061467,0.296250,0.506667,0.000000,0.000000,0.000000,54
567,1.347626,1,0.901210,0.280000,0.500000,0.000000,0.000000,0.000000,55
568,0.815549,1,0.881248,-0.301250,0.526667,0.000000,0.000000,0.000000,55
569,0.691276,1,0.901113,-0.301250,0.544444,0.000000,0.000000,0.000000,56
570,0.265624,1,0.901138,-0.278750,0.522222,0.000000,0.000000,0.000000,59
571,0.369567,1,1.201608,0.311250,0.500000,0.000000,0.000000,0.000000,49
572,0.357621,1,0.841632,-0.280000,0.517778,0.000000,0.000000,0.000000,58
573,0.000245,1,1.282089,-0.283750,0.495556,0.000000,0.000000,0.000000,53
574,0.221484,1,1.201543,-0.305000,0.455556,0.000000,0.000000,0.000000,50
575,0.333497,1,1.281774,-0.307500,0.484444,0.000000,0.000000,0.000000,50
576,0.405561,1,0.922052,-0.290000,0.493333,0.000000,0.000000,0.000000,55
577,0.247518,1,0.780994,-0.311250,0.497778,0.000000,0.000000,0.000000,54
578,0.331550,1,0.981516,-0.281250,0.513333,0.000000,0.000000,0.000000,55
579,0.373490,-1,1.041763,0.303750,0.442222,0.000000,0.000000,0.000000,50
580,0.599524,1,0.881146,-0.297500,0.511111,0.000000,0.000000,0.000000,56
581,0.000227,1,0.841556,-0.327500,0.520000,0.000000,0.000000,0.000000,56
582,0.191458,1,1.822701,0.287500,0.464444,0.000000,0.000000,0.000000,44
583,0.279533,1,0.841109,-0.300000,0.537778,0.000000,0.000000,0.000000,56
584,0.331531,1,1.082029,-0.312500,0.524444,0.000000,0.000000,0.000000,54
585,0.545474,1,1.061848,-0.280000,0.491111,0.000000,0.000000,0.000000,55
586,0.607547,1,1.081677,-0.291250,0.502222,0.000000,0.000000,0.000000,56
587,0.241465,1,0.861126,-0.307500,0.495556,0.000000,0.000000,0.000000,56
588,0.229503,1,0.881146,0.270000,0.500000,0.000000,0.000000,0.000000,58
589,0.369516,1,1.041322,-0.283750,0.471111,0.000000,0.000000,0.000000,56
590,0.003017,1,1.281846,-0.300000,0.500000,0.000000,0.000000,0.000000,51
591,0.273226,1,1.882921,0.311250,0.488889,0.000000,0.000000,0.000000,42
592,0.489487,1,1.562239,0.312500,0.484444,0.000000,0.000000,0.000000,46
593,0.525526,1,0.921313,0.305000,0.504444,0.000000,0.000000,0.000000,53
594,0.559503,1,1.201521,-0.278750,0.482222,0.000000,0.000000,0.000000,53
595,0.765541,1,1.542118,0.322500,0.484444,0.000000,0.000000,0.000000,46
596,1.705297,1,0.921616,0.285000,0.488889,0.000000,0.000000,0.000000,53
597,0.255472,1,1.121431,-0.280000,0.515556,0.000000,0.000000,0.000000,56
598,0.289511,1,1.381932,0.311250,0.477778,0.000000,0.000000,0.000000,46
599,0.429488,1,1.361728,0.290000,0.488889,0.000000,0.000000,0.000000,48
600,1.692145,1,1.281597,0.277500,0.506667,0.000000,0.000000,0.000000,8
601,0.357398,1,0.881288,-0.300000,0.484444,0.000000,0.000000,0.000000,55
602,0.367509,1,0.981374,-0.282500,0.482222,0.000000,0.000000,0.000000,56
603,0.933463,1,0.941358,-0.303750,0.488889,0.000000,0.000000,0.000000,50
604,0.571473,1,2.042544,0.286250,0.502222,0.000000,0.000000,0.000000,41
605,0.221504,1,1.562155,0.271250,0.531111,0.000000,0.000000,0.000000,50
606,2.325382,1,1.001833,-0.287500,0.511111,0.000000,0.000000,0.000000,12
607,0.365464,1,1.441923,0.297500,0.542222,0.000000,0.000000,0.000000,50
608,0.565492,1,1.182250,0.291250,0.515556,0.000000,0.000000,0.000000,53
609,0.401489,1,1.121537,0.306250,0.495556,0.000000,0.000000,0.000000,52
610,0.303474,1,1.181645,0.282500,0.522222,0.000000,0.000000,0.000000,53
611,0.263331,1,1.221746,0.330000,0.511111,0.000000,0.000000,0.000000,47
612,0.741600,1,1.582293,-0.282500,0.520000,0.000000,0.000000,0.000000,48
613,2.105360,1,1.041479,0.281250,0.471111,0.000000,0.000000,0.000000,52
614,0.525352,1,1.361840,0.328750,0.520000,0.000000,0.000000,0.000000,1
615,0.343162,1,1.041479,-0.276250,0.477778,0.000000,0.000000,0.000000,56
616,0.107326,1,1.021309,0.338750,0.504444,0.000000,0.000000,0.000000,47
617,0.269463,1,1.081399,-0.301250,0.500000,0.000000,0.000000,0.000000,55
618,0.082102,1,1.021293,0.307500,0.462222,0.000000,0.000000,0.000000,51
619,0.019453,1,1.561889,0.306250,0.488889,0.000000,0.000000,0.000000,44
620,0.243106,1,1.001333,-0.293750,0.488889,0.000000,0.000000,0.000000,56
621,1.167321,1,1.141529,0.281250,0.511111,0.000000,0.000000,0.000000,42
622,0.047369,1,0.921408,-0.321250,0.504444,0.000000,0.000000,0.000000,51
623,0.133460,1,1.121538,-0.325000,0.482222,0.000000,0.000000,0.000000,49
624,0.001102,1,0.981311,-0.298750,0.522222,0.000000,0.000000,0.000000,54
625,0.137416,1,1.081408,0.300000,0.513333,0.000000,0.000000,0.000000,53
626,0.229401,1,1.121434,-0.282500,0.513333,0.000000,0.000000,0.000000,57
627,0.291444,1,1.221563,0.295000,0.504444,0.000000,0.000000,0.000000,53
628,0.147426,1,1.001330,-0.288750,0.524444,0.000000,0.000000,0.000000,55
629,0.271568,1,1.041929,-0.287500,0.482222,0.000000,0.000000,0.000000,56
630,0.689407,1,0.961175,0.275000,0.508889,0.000000,0.000000,0.000000,54
631,0.119420,1,1.562583,-0.303750,0.497778,0.000000,0.000000,0.000000,49
632,0.181527,1,0.901230,-0.293750,0.508889,0.000000,0.000000,0.000000,55
633,0.107424,1,0.881529,0.280000,0.491111,0.000000,0.000000,0.000000,58
634,0.193335,1,1.081447,0.287500,0.466667,0.000000,0.000000,0.000000,54
635,0.269409,1,1.061489,0.297500,0.473333,0.000000,0.000000,0.000000,51
636,0.577388,1,1.642143,0.277500,0.486667,0.000000,0.000000,0.000000,1
637,0.283395,1,1.021752,-0.325000,0.513333,0.000000,0.000000,0.000000,50
638,0.361128,1,1.141420,0.308750,0.540000,0.000000,0.000000,0.000000,52
639,0.023412,1,0.941422,0.316250,0.528889,0.000000,0.000000,0.000000,53
640,0.085382,1,0.981557,0.318750,0.531111,0.000000,0.000000,0.000000,54
641,0.209408,1,1.181503,-0.277500,0.477778,0.000000,0.000000,0.000000,54
642,0.371461,1,1.261589,0.286250,0.504444,0.000000,0.000000,0.000000,50
643,0.147410,1,1.441801,-0.320000,0.486667,0.000000,0.000000,0.000000,48
644,0.355389,1,1.241739,-0.275000,0.488889,0.000000,0.000000,0.000000,54
645,2.315367,1,0.901203,-0.303750,0.520000,0.000000,0.000000,0.000000,54
646,0.237403,1,0.921169,0.298750,0.488889,0.000000,0.000000,0.000000,54
647,0.317388,1,1.081921,-0.317500,0.495556,0.000000,0.000000,0.000000,51
648,0.951358,1,1.361832,-0.307500,0.504444,0.000000,0.000000,0.000000,48
649,0.005394,1,0.961310,0.265000,0.502222,0.000000,0.000000,0.000000,59
650,0.403403,1,1.301689,-0.317500,0.535556,0.000000,0.000000,0.000000,52
651,0.013396,1,1.081853,0.280000,0.506667,0.000000,0.000000,0.000000,55
652,0.243102,1,1.001778,0.303750,0.533333,0.000000,0.000000,0.000000,52
653,2.275343,1,1.081405,-0.311250,0.493333,0.000000,0.000000,0.000000,53
654,0.633306,1,1.221597,0.288750,0.460000,0.000000,0.000000,0.000000,53
655,0.191397,1,0.901198,0.278750,0.493333,0.000000,0.000000,0.000000,57
656,0.113385,1,0.981328,0.310000,0.502222,0.000000,0.000000,0.000000,54
657,0.319398,1,1.061343,0.343750,0.513333,0.000000,0.000000,0.000000,48
658,0.747376,1,1.101463,-0.253750,0.495556,0.000000,0.000000,0.000000,58
659,0.183421,1,1.422450,0.302500,0.511111,0.000000,0.000000,0.000000,1
660,1.039373,1,0.961205,-0.268750,0.520000,0.000000,0.000000,0.000000,58
661,0.169420,1,1.081457,-0.300000,0.506667,0.000000,0.000000,0.000000,52
662,0.295394,1,1.121510,-0.276250,0.511111,0.000000,0.000000,0.000000,58
663,0.287367,0,0.020079,0.012500,-0.802222,1.141727,-0.310000,0.508889,99
664,0.183417,1,1.001261,0.267500,0.497778,0.000000,0.000000,0.000000,58
665,0.397355,-1,1.342022,0.336250,0.542222,0.000000,0.000000,0.000000,47
666,0.523374,1,1.381736,0.263750,0.488889,0.000000,0.000000,0.000000,52
667,0.215398,1,1.422288,-0.282500,0.480000,0.000000,0.000000,0.000000,51
668,0.155414,1,2.122625,-0.302500,0.482222,0.000000,0.000000,0.000000,41
669,0.749326,1,0.941256,0.321250,0.475556,0.000000,0.000000,0.000000,53
670,0.361380,1,1.822493,0.328750,0.515556,0.000000,0.000000,0.000000,44
671,0.263397,1,1.622147,-0.277500,0.511111,0.000000,0.000000,0.000000,37
672,0.979344,-1,1.121602,0.313750,0.444444,0.000000,0.000000,0.000000,2
673,0.041451,1,1.301734,0.297500,0.484444,0.000000,0.000000,0.000000,52
674,0.149393,1,1.061341,-0.293750,0.511111,0.000000,0.000000,0.000000,54
675,0.403356,1,0.921250,0.287500,0.488889,0.000000,0.000000,0.000000,54
676,0.311335,1,1.341713,0.335000,0.493333,0.000000,0.000000,0.000000,46
677,0.399329,1,1.201601,0.295000,0.473333,0.000000,0.000000,0.000000,52
678,0.471380,1,1.121462,0.307500,0.528889,0.000000,0.000000,0.000000,53
679,1.415285,1,1.662106,-0.325000,0.520000,0.000000,0.000000,0.000000,1
680,0.243331,1,1.141562,-0.280000,0.486667,0.000000,0.000000,0.000000,55
681,0.347333,1,1.662116,-0.273750,0.500000,0.000000,0.000000,0.000000,0
682,1.459304,1,1.362112,-0.298750,0.491111,0.000000,0.000000,0.000000,1
683,0.097301,1,1.221586,0.306250,0.491111,0.000000,0.000000,0.000000,51
684,0.143281,1,1.562081,-0.295000,0.493333,0.000000,0.000000,0.000000,48
685,0.259291,1,1.742800,0.330000,0.504444,0.000000,0.000000,0.000000,43
686,0.287297,1,1.141634,0.305000,0.508889,0.000000,0.000000,0.000000,53
687,0.121309,1,1.121479,-0.273750,0.491111,0.000000,0.000000,0.000000,54
688,0.341439,1,1.321660,0.281250,0.471111,0.000000,0.000000,0.000000,49
689,0.309290,1,1.682252,0.286250,0.508889,0.000000,0.000000,0.000000,40
690,3.000009,0,0.000000,0.000000,0.000000,0.000000,0.000000,0.000000,-1
691,0.229023,1,1.101431,0.315000,0.493333,0.000000,0.000000,0.000000,52
692,0.231301,1,0.941531,-0.317500,0.535556,0.000000,0.000000,0.000000,54
693,0.307304,1,1.582272,0.282500,0.506667,0.000000,0.000000,0.000000,51
694,0.377293,1,1.181533,0.278750,0.466667,0.000000,0.000000,0.000000,53
695,0.185293,1,2.262788,0.321250,0.484444,0.000000,0.000000,0.000000,36
696,0.271327,1,1.441964,0.287500,0.488889,0.000000,0.000000,0.000000,46
697,0.249256,1,1.041431,0.331250,0.504444,0.000000,0.000000,0.000000,49
698,0.075304,1,1.021294,-0.305000,0.511111,0.000000,0.000000,0.000000,51
699,0.117266,1,1.541968,0.316250,0.506667,0.000000,0.000000,0.000000,1
700,0.517216,1,0.921141,-0.278750,0.488889,0.000000,0.000000,0.000000,57
701,0.431249,1,1.081446,-0.281250,0.497778,0.000000,0.000000,0.000000,56
702,0.837231,1,1.001357,0.296250,0.493333,0.000000,0.000000,0.000000,54
703,0.231061,1,1.281629,0.307500,0.520000,0.000000,0.000000,0.000000,51
704,0.059250,1,1.442049,-0.286250,0.508889,0.000000,0.000000,0.000000,26
705,0.881989,1,1.041829,-0.296250,0.480000,0.000000,0.000000,0.000000,54
706,0.143173,1,1.181559,-0.306250,0.502222,0.000000,0.000000,0.000000,54
707,0.257259,1,1.161515,-0.311250,0.488889,0.000000,0.000000,0.000000,48
708,0.219136,1,1.001329,-0.280000,0.493333,0.000000,0.000000,0.000000,57
709,0.035211,1,0.981282,-0.287500,0.504444,0.000000,0.000000,0.000000,57
710,0.225225,1,1.301782,0.278750,0.491111,0.000000,0.000000,0.000000,53
711,0.505038,1,1.361727,0.321250,0.522222,0.000000,0.000000,0.000000,1
712,0.171210,1,1.081432,-0.291250,0.477778,0.000000,0.000000,0.000000,52
713,0.474926,1,1.021458,-0.295000,0.488889,0.000000,0.000000,0.000000,55
714,0.225195,1,1.321721,-0.282500,0.508889,0.000000,0.000000,0.000000,53
715,0.279086,1,1.301827,-0.277500,0.484444,0.000000,0.000000,0.000000,54
716,0.831186,1,1.521892,0.277500,0.502222,0.000000,0.000000,0.000000,51
717,0.371515,1,1.381770,0.268750,0.511111,0.000000,0.000000,0.000000,21
718,0.309101,1,1.041319,0.302500,0.486667,0.000000,0.000000,0.000000,53
719,0.151186,1,1.421844,-0.296250,0.475556,0.000000,0.000000,0.000000,51
